Term_ZH	Term_VI	Category	Notes
许亦	Hứa Dịch	Nhân vật	Nhân vật chính mẫu
陆江仙	Lục Giang Tiên	Nhân vật	Nhân vật chính, xuyên không thành chiếc gương xám xanh dưới đáy sông

李曦明	Lý Hi Minh	Nhân vật	Trích xuất từ EPUB nguồn (tần suất: 1505)
李渊蛟	Lý Uyên Giao	Nhân vật	Trích xuất từ EPUB nguồn (tần suất: 1330)
李曦治	Lý Hi Trị	Nhân vật	Trích xuất từ EPUB nguồn (tần suất: 907)
李曦峻	Lý Hi Tuấn	Nhân vật	Trích xuất từ EPUB nguồn (tần suất: 853)
李周巍	Lý Chu Vi	Nhân vật	Trích xuất từ EPUB nguồn (tần suất: 552)
李项平	Lý Hạng Bình	Nhân vật	Trích xuất từ EPUB nguồn (tần suất: 527)
李渊平	Lý Uyên Bình	Nhân vật	Trích xuất từ EPUB nguồn (tần suất: 394)
李赤镜	Lý Xích Kính	Nhân vật	Trích xuất từ EPUB nguồn (tần suất: 352)
周巍	Chu Vi	Nhân vật	Trích xuất từ EPUB nguồn (tần suất: 289)
萧元思	Tiêu Nguyên Tư	Nhân vật	Trích xuất từ EPUB nguồn (tần suất: 258)
李承辽	Lý Thừa Liêu	Nhân vật	Trích xuất từ EPUB nguồn (tần suất: 249)
李周巍	Lý Chu Nguy	Nhân vật	Trích xuất từ EPUB nguồn (tần suất: 241)
萧初庭	Tiêu Sơ Đình	Nhân vật	Trích xuất từ EPUB nguồn (tần suất: 239)
司徒末	Tư Đồ Mạt	Nhân vật	Trích xuất từ EPUB nguồn (tần suất: 234)
安柘言	An Chá Ngôn	Nhân vật	Trích xuất từ EPUB nguồn (tần suất: 224)
李绛迁	Lý Giáng Thiên	Nhân vật	Trích xuất từ EPUB nguồn (tần suất: 220)
郁萧贵	Úc Tiêu Quý	Nhân vật	Trích xuất từ EPUB nguồn (tần suất: 205)
司元礼	Tư Nguyên Lễ	Nhân vật	Trích xuất từ EPUB nguồn (tần suất: 201)
迟步子	Trì Bộ Tử	Nhân vật	Trích xuất từ EPUB nguồn (tần suất: 200)
李明宫	Lý Minh Cung	Nhân vật	Trích xuất từ EPUB nguồn (tần suất: 198)
[Chưa rõ]	Ô Ma Lý	Nhân vật	Trích xuất từ EPUB nguồn (tần suất: 195)
孔婷云	Khổng Đình Vân	Nhân vật	Trích xuất từ EPUB nguồn (tần suất: 194)
李承晊	Lý Thừa Trất	Nhân vật	Đã giải mã: "李承?" khuyết ký tự ở ch.912-913/1750 chính là 晊 (xem "承晊叔父" ch.1751) — chốt tên chính thức, thay placeholder "Lý Thừa"
李承怀	Lý Thừa Hoài	Nhân vật	Trích xuất từ EPUB nguồn (tần suất: 181); lưu ý ch.1750 nguồn viết biến thể "李承淮" (nghi lỗi OCR 淮/怀), tạm coi là cùng một người
李渊修	Lý Uyên Tu	Nhân vật	Trích xuất từ EPUB nguồn (tần suất: 180)
[Chưa rõ]	Lý Thu Dương	Nhân vật	Trích xuất từ EPUB nguồn (tần suất: 179)
[Chưa rõ]	Lý Ô Sao	Nhân vật	Trích xuất từ EPUB nguồn (tần suất: 179)
李景恬	Lý Cảnh Điềm	Nhân vật	Trích xuất từ EPUB nguồn (tần suất: 178)
[Chưa rõ]	Chu Nguy	Nhân vật	Trích xuất từ EPUB nguồn (tần suất: 166)
[Chưa rõ]	Ninh Hòa Viễn	Nhân vật	Trích xuất từ EPUB nguồn (tần suất: 159)
[Chưa rõ]	Lý Chu Nghi	Nhân vật	Trích xuất từ EPUB nguồn (tần suất: 158)
[Chưa rõ]	Lý Chu Lạc	Nhân vật	Trích xuất từ EPUB nguồn (tần suất: 155)
[Chưa rõ]	Lý Hi Tuyền	Nhân vật	Trích xuất từ EPUB nguồn (tần suất: 153)
[Chưa rõ]	Tiêu Ung Linh	Nhân vật	Trích xuất từ EPUB nguồn (tần suất: 150)
[Chưa rõ]	Kim Vũ	Nhân vật	Trích xuất từ EPUB nguồn (tần suất: 149)
[Chưa rõ]	Đô Tiên Đạo	Nhân vật	Trích xuất từ EPUB nguồn (tần suất: 146)
[Chưa rõ]	Lý Hy Minh	Nhân vật	Trích xuất từ EPUB nguồn (tần suất: 144)
[Chưa rõ]	Tiêu Quy Loan	Nhân vật	Trích xuất từ EPUB nguồn (tần suất: 139)
[Chưa rõ]	Phí Vọng Bạch	Nhân vật	Trích xuất từ EPUB nguồn (tần suất: 137)
[Chưa rõ]	Trần Ương	Nhân vật	Trích xuất từ EPUB nguồn (tần suất: 137)
李通崖	Lý Thông Nhai	Nhân vật	Trích xuất từ EPUB nguồn (tần suất: 1932)
通崖	Thông Nhai	Địa danh/Thế lực	Trích xuất từ EPUB nguồn (tần suất: 1379)
李清虹	Lý Thanh Hồng	Nhân vật	Trích xuất từ EPUB nguồn (tần suất: 1284)
清虹	Thanh Hồng	Địa danh/Thế lực	Trích xuất từ EPUB nguồn (tần suất: 1145)
山越	Sơn Việt	Địa danh/Thế lực	Trích xuất từ EPUB nguồn (tần suất: 652)
东海	Đông Hải	Địa danh	Trích xuất từ EPUB nguồn (tần suất: 570)
望月湖	Vọng Nguyệt Hồ	Địa danh	Trích xuất từ EPUB nguồn (tần suất: 316)
江南	Giang Nam	Địa danh	Trích xuất từ EPUB nguồn (tần suất: 296)
陈东河	Trần Đông Hà	Địa danh/Thế lực	Trích xuất từ EPUB nguồn (tần suất: 261)
江仙	Giang Tiên	Địa danh/Thế lực	Trích xuất từ EPUB nguồn (tần suất: 238)
郁慕高	Úc Mộ Cao	Địa danh/Thế lực	Trích xuất từ EPUB nguồn (tần suất: 224)
郁慕仙	Úc Mộ Tiên	Địa danh/Thế lực	Trích xuất từ EPUB nguồn (tần suất: 219)
东河	Đông Hà	Địa danh/Thế lực	Trích xuất từ EPUB nguồn (tần suất: 212)
李木田	Lý Mộc Điền	Nhân vật	Trích xuất từ EPUB nguồn (tần suất: 194)
南疆	Nam Cương	Địa danh/Thế lực	Trích xuất từ EPUB nguồn (tần suất: 171)
江北	Giang Bắc	Địa danh/Thế lực	Trích xuất từ EPUB nguồn (tần suất: 167)
唐聂都	Đường Nhiếp Đô	Địa danh/Thế lực	Trích xuất từ EPUB nguồn (tần suất: 146)
[Chưa rõ]	Mộc Điền	Địa danh/Thế lực	Trích xuất từ EPUB nguồn (tần suất: 137)
塘金门	Thang Kim Môn	Địa danh/Thế lực	Trích xuất từ EPUB nguồn (tần suất: 137)
李玄锋	Lý Huyền Phong	Nhân vật	Trích xuất từ EPUB nguồn (tần suất: 1545)
炼气	Luyện Khí	Thuật ngữ	Trích xuất từ EPUB nguồn (tần suất: 1325)
李玄宣	Lý Huyền Tuyên	Nhân vật	Trích xuất từ EPUB nguồn (tần suất: 1158)
玄锋	Huyền Phong	Thuật ngữ tu luyện	Trích xuất từ EPUB nguồn (tần suất: 1060)
玄宣	Huyền Tuyên	Thuật ngữ tu luyện	Trích xuất từ EPUB nguồn (tần suất: 892)
玄岳	Huyền Nhạc	Thuật ngữ tu luyện	Trích xuất từ EPUB nguồn (tần suất: 394)
李玄岭	Lý Huyền Lĩnh	Thuật ngữ tu luyện	Trích xuất từ EPUB nguồn (tần suất: 329)
金丹	Kim Đan	Thuật ngữ	Trích xuất từ EPUB nguồn (tần suất: 247)
玄岭	Huyền Lĩnh	Thuật ngữ tu luyện	Trích xuất từ EPUB nguồn (tần suất: 206)
真人	Chân Nhân	Thuật ngữ	Trích xuất từ EPUB nguồn (tần suất: 123)
玉京轮	Ngọc Kinh Luân	Thuật ngữ tu luyện	Trích xuất từ EPUB nguồn (tần suất: 92)
真君	Chân Quân	Thuật ngữ	Trích xuất từ EPUB nguồn (tần suất: 89)
法鉴	Pháp Giám	Thuật ngữ tu luyện	Trích xuất từ EPUB nguồn (tần suất: 78)
崔决吟	Thôi Quyết Ngâm	Thuật ngữ tu luyện	Trích xuất từ EPUB nguồn (tần suất: 77)
气海	Khí Hải	Thuật ngữ	Trích xuất từ EPUB nguồn (tần suất: 73)
[Chưa rõ]	Thanh Xích Kiếm	Thuật ngữ tu luyện	Trích xuất từ EPUB nguồn (tần suất: 70)
徐公明	Từ Công Minh	Thuật ngữ tu luyện	Trích xuất từ EPUB nguồn (tần suất: 63)
玄月	Huyền Nguyệt	Thuật ngữ tu luyện	Trích xuất từ EPUB nguồn (tần suất: 60)
公明	Công Minh	Thuật ngữ tu luyện	Trích xuất từ EPUB nguồn (tần suất: 59)
玄景轮	Huyền Cảnh Luân	Thuật ngữ tu luyện	Trích xuất từ EPUB nguồn (tần suất: 58)
巫山	Vu Sơn	Địa danh/Thế lực	Trích xuất từ EPUB nguồn (tần suất: 125)
青池宗	Thanh Trì Tông	Địa danh/Thế lực	Trích xuất từ EPUB nguồn (tần suất: 121)
南海	Nam Hải	Địa danh/Thế lực	Trích xuất từ EPUB nguồn (tần suất: 119)
玄岳门	Huyền Nhạc Môn	Địa danh/Thế lực	Trích xuất từ EPUB nguồn (tần suất: 117)
剑门	Kiếm Môn	Địa danh/Thế lực	Trích xuất từ EPUB nguồn (tần suất: 95)
扶南	Phù Nam	Địa danh/Thế lực	Trích xuất từ EPUB nguồn (tần suất: 92)
紫烟门	Tử Yên Môn	Địa danh/Thế lực	Trích xuất từ EPUB nguồn (tần suất: 91)
慕仙	Mộ Tiên	Địa danh/Thế lực	Trích xuất từ EPUB nguồn (tần suất: 89)
慕高	Mộ Cao	Địa danh/Thế lực	Trích xuất từ EPUB nguồn (tần suất: 86)
袁成盾	Viên Thành Thuẫn	Địa danh/Thế lực	Trích xuất từ EPUB nguồn (tần suất: 84)
北海	Bắc Hải	Địa danh/Thế lực	Trích xuất từ EPUB nguồn (tần suất: 82)
荡江	Đãng Giang	Địa danh/Thế lực	Trích xuất từ EPUB nguồn (tần suất: 82)
青杜山	Thanh Đỗ Sơn	Địa danh/Thế lực	Trích xuất từ EPUB nguồn (tần suất: 72)
黎泾山	Lê Kính Sơn	Địa danh/Thế lực	Trích xuất từ EPUB nguồn (tần suất: 71)
月湖	Nguyệt Hồ	Địa danh/Thế lực	Trích xuất từ EPUB nguồn (tần suất: 69)
余山	Dư Sơn	Địa danh/Thế lực	Trích xuất từ EPUB nguồn (tần suất: 64)
剑仙	Kiếm Tiên	Thuật ngữ tu luyện	Trích xuất từ EPUB nguồn (tần suất: 56)
玄景	Huyền Cảnh	Thuật ngữ tu luyện	Trích xuất từ EPUB nguồn (tần suất: 54)
玄妙观	Huyền Diệu Quan	Thuật ngữ tu luyện	Trích xuất từ EPUB nguồn (tần suất: 54)
法慧	Pháp Tuệ	Thuật ngữ tu luyện	Trích xuất từ EPUB nguồn (tần suất: 53)
太阴玄光	Thái Âm Huyền Quang	Thuật ngữ tu luyện	Trích xuất từ EPUB nguồn (tần suất: 48)
王渠绾	Vương Cừ Uyển	Nhân vật	Bổ sung ch.1690-1695; chú ý: có bản dịch nhầm thành "Vương Cừ Oản", dùng "Vương Cừ Uyển" làm chuẩn
女咲	Nữ Tiếu	Nhân vật	Bổ sung ch.1693-1695, Liên Mẫn nữ, đối thủ Phật môn
奴焰	Nô Diễm	Nhân vật	Bổ sung ch.1693-1695, Ma Ha/Liên Mẫn nam
赤罗	Xích La	Nhân vật	Bổ sung ch.1686/1693, một Ma Ha
魏李	Ngụy Lý	Thuật ngữ	Bổ sung ch.1686/1693, huyết mạch Minh Dương của Lý Chu Vi (Ngụy Lý Thiên Triều)
华阳王钺	Hoa Dương Vương Việt	Pháp bảo	Bổ sung ch.1694, pháp bảo của Lý Hi Minh
示川	Thị Xuyên	Pháp bảo	Bổ sung ch.1685-1694, linh xích/pháp bảo của Lý Hi Minh
谒天门	Yết Thiên Môn	Thần thông	Bổ sung ch.1686/1694, thần thông của Lý Hi Minh
玄怡	Huyền Di	Nhân vật	Bổ sung ch.1694-1695, chân nhân
静怡山	Tĩnh Di Sơn	Địa danh	Bổ sung ch.1694-1695, tông môn của Huyền Di chân nhân
栀景山	Chi Cảnh Sơn	Địa danh	Bổ sung ch.1686/1694, núi cạnh Vọng Nguyệt Hồ, nơi Chiêu Cảnh chân nhân đột phá
都卫	Đô Vệ	Thuật ngữ	Bổ sung ch.1694-1695, một đạo/dòng tu luyện
丑癸藏	Sửu Quý Tàng	Thần thông	Bổ sung ch.1685-1686, thần thông đạo thống thấm nước của Khuy thị
丑癸求水法	Sửu Quý Cầu Thủy Pháp	Công pháp	Bổ sung ch.1685-1686, công pháp đạo thống của Khuy thị, Thái Dương đạo thống ban tặng
元商	Nguyên Thương	Nhân vật	Bổ sung ch.1685-1686, tiền bối Thuần Nhất Đạo (sư tôn của Phù Huyền, Xuyết Hồng)
衡祝	Hành Chúc	Địa danh/Thế lực	Bổ sung ch.1685, nhắc so sánh thực lực với Thuần Nhất Đạo
赤礁岛	Xích Tiều Đảo	Địa danh	Bổ sung ch.1685, đảo gần Thuần Nhất Đảo và Kiếm Môn
落霞	Lạc Hà	Địa danh	Bổ sung ch.1685/1687, một trong hai đầu mối đạo thống Hà Quang
煆山	Luyện Sơn	Địa danh	Bổ sung ch.1685/1687, một trong hai đầu mối đạo thống Hà Quang, địa bàn Long tộc
邻谷霞	Lân Cốc Hà	Nhân vật	Bổ sung ch.1685/1687, tiền bối tu đạo Hà Quang đã mất tích ở Luyện Sơn
朝霞采露诀	Triêu Hà Thái Lộ Quyết	Công pháp	Bổ sung ch.1685/1687, công pháp Thanh Trì do người họ Trì để lại
澈鸿	Xuyết Hồng	Nhân vật	Bổ sung ch.1685-1686, chân nhân Thuần Nhất Đảo
迟步梓	Trì Bộ Tử	Nhân vật	Bổ sung ch.1685-1686, Đại Chân Nhân Thanh Trì (Ma Tông)
扶玹	Phù Huyền	Nhân vật	Bổ sung ch.1685-1686, chân nhân Thuần Nhất Đảo
邺桧	Nghiệp Cối	Nhân vật	Bổ sung ch.1704-1728, chân nhân Bạch Nghiệp Đô Tiên Đạo, đạo thống Đâu Huyền, đồng minh Lý gia tại Thang Đao Sơn
镗刀山	Thang Đao Sơn	Địa danh	Chiến địa chính Giang Bắc ch.1704-1728, đã dùng từ trước ch.1704, xác nhận chuẩn hóa (tránh nhầm "Đường Đao Sơn")
长霄	Trường Tiêu	Nhân vật	Bổ sung ch.1704-1728, đại chân nhân phương Bắc mất tích nhiều năm, tên thật Nhan Kiến Tiêu (颜见霄), còn gọi Trường Tiêu Tử
赫连无疆	Hách Liên Vô Cương	Nhân vật	Bổ sung ch.1704-1728, trụ cột Tử Phủ trung kỳ nước Thiết Phất, đối thủ chính của Lý Hi Minh tại Thang Đao Sơn
赫连兀猛	Hách Liên Ngột Mãnh	Nhân vật	Bổ sung ch.1704-1728, tướng Thiết Phất Quốc, được Hách Liên Vô Cương coi trọng
竺生	Trúc Sinh chân nhân	Nhân vật	Bổ sung ch.1704-1728, kiếm tu Ngọc Chân Nhất Đạo, liên quan Sa Hoàng Quốc/Nam Cương
后绋	Hậu Phất chân nhân	Nhân vật	Bổ sung ch.1704-1728, chân nhân Đại Hưu Quỳ Quán
卫悬因	Vệ Huyền Nhân	Nhân vật	Bổ sung ch.1704-1728, quốc sư Đại Triệu, xuất thân Quán Hóa Thiên Lâu Đạo, tu 4 thần thông Quyết Âm
费清翊	Phí Thanh Dực	Nhân vật	Bổ sung ch.1704-1728, tu sĩ Phí gia phản bội, trấn thủ Thang Đao Sơn, bị Lý Chu Vi giết. Phân biệt với Phí Thanh Nhã/Phí Thanh Y
费清伊	Phí Thanh Y	Nhân vật	Bổ sung ch.1704-1728, nữ, đã gả vào Tư gia
安思危	An Tư Nguy	Nhân vật	Bổ sung ch.1704-1728, đồng minh/hộ pháp Lý gia
陈鸯	Trần Ương	Nhân vật	Bổ sung ch.1704-1728, xác nhận hán tự (trước ghi "[Chưa rõ]" trong TSV)
陈冬河	Trần Đông Hà	Nhân vật	Bổ sung ch.1704-1728, lão nhân ẩn danh, được Trần Ương kính sợ
李阙宛	Lý Khuyết Uyển	Nhân vật	Bổ sung ch.1704-1728, nữ mưu sĩ bên cạnh Lý Giáng Thiên, tu 『Hậu Thần Thù』, giỏi thuật toán số
李绛垄	Lý Giáng Lũng	Nhân vật	Bổ sung ch.1704-1728, em trai út quản việc Vọng Nguyệt Hồ
李承盘	Lý Thừa Bàn	Nhân vật	Bổ sung ch.1704-1728, nhắc tên cùng Lý Thừa Liêu
李周达	Lý Chu Đạt	Nhân vật	Bổ sung ch.1704-1728, tộc thúc Lý Giáng Thiên, vừa đột phá Trúc Cơ
濮羽	Bộc Vũ chân nhân	Nhân vật	Bổ sung ch.1704-1728, chân nhân liên quan Bồng Lai, Thuần Nhất Đạo muốn dẫn kiến
解逡	Giải Thuân	Nhân vật	Bổ sung ch.1704-1728, tổ sư Thuần Nhất Đảo, xuất thân Thanh Tùng Quán
箕安	Cơ An	Nhân vật	Bổ sung ch.1704-1728, chân nhân tu Ly Hỏa, Bắc Hải
定阳子	Định Dương Tử	Nhân vật	Bổ sung ch.1704-1728, tu sĩ luyện khí Tất Trạch, nhờ Lý Hi Minh luyện đan
罗真人	La chân nhân	Nhân vật	Bổ sung ch.1704-1728, ma đầu Nam Cương, dùng 【Thiên Nhãn Bồi Quang Y】
虚妄	Hư Vọng	Nhân vật	Bổ sung ch.1704-1728, hòa thượng Từ Bi Đạo
薛殃	Tiết Ương	Nhân vật	Bổ sung ch.1704-1728, đại chân nhân núi Lạc Hà, phe Bắc phương
娄行	Lâu Hành	Nhân vật	Bổ sung ch.1704-1728, kiếm tiên, đại chân nhân Đại Hưu Quỳ Quán
阚紫玉	Khám Tử Ngọc	Nhân vật	Bổ sung ch.1704-1728, đạo hiệu Văn Thanh chân nhân, Tử Yên Môn
李绛宗	Lý Giáng Tông	Nhân vật	Bổ sung ch.1704-1728, con trai Lý Giáng Thiên
迟步梓	Trì Bộ Tử	Nhân vật	Bổ sung ch.1704-1728, Đại Chân Nhân Thanh Trì (Ma Tông), xác nhận thêm dòng riêng (trước chỉ có trong Notes)
扶玹	Phù Huyền	Nhân vật	Bổ sung ch.1704-1728, chân nhân chủ trì Thuần Nhất Đảo, xác nhận thêm dòng riêng (trước chỉ có trong Notes)
澈鸿	Xuyết Hồng	Nhân vật	Bổ sung ch.1704-1728, đệ tử Thuần Nhất Đảo, tân chân nhân, xác nhận thêm dòng riêng (trước chỉ có trong Notes)
元商	Nguyên Thương	Nhân vật	Bổ sung ch.1704-1728, tiền bối Thuần Nhất Đảo, bị giam trong Thái Thuân Linh Giám, xác nhận thêm dòng riêng
汀兰	Đinh Lan	Nhân vật	Bổ sung ch.1704-1728, nữ chân nhân Tử Yên Môn, xác nhận thêm dòng riêng (trước chỉ có trong ROLLING_SUMMARY)
奎祈	Khuê Kỳ	Nhân vật	Bổ sung ch.1704-1728, chân nhân Đại Hưu Quỳ Quán, tên tục Lâm Kiến Kỳ, xác nhận thêm dòng riêng
宁婉	Ninh Uyển	Nhân vật	Bổ sung ch.1704-1728, đồng đạo trợ giúp Lý Hi Minh xây đại trận, xác nhận thêm dòng riêng
萧初庭	Tiêu Sơ Đình	Nhân vật	Bổ sung ch.1704-1728, xác nhận thêm dòng riêng (trước chỉ có trong Notes)
长奚	Trường Hề chân nhân	Nhân vật	Bổ sung ch.1704-1728, cựu thủ lĩnh Huyền Nhạc tông, xác nhận thêm dòng riêng
大鸺葵观	Đại Hưu Quỳ Quán	Địa danh/Thế lực	Bổ sung ch.1704-1728, tông môn lớn liên quan Thang Đao Sơn
白江溪	Bạch Giang Khê	Địa danh	Bổ sung ch.1704-1728, địa giới chiến sự phía Bắc Lý gia
洛下	Lạc Hạ	Địa danh/Thế lực	Bổ sung ch.1704-1728, bình nguyên chiến sự phương Bắc (khác 落霞 Lạc Hà đã có trong TSV)
铁弗国	Thiết Phất Quốc	Địa danh/Thế lực	Bổ sung ch.1704-1728, quốc gia của Hách Liên Vô Cương/Hách Liên Ngột Mãnh
沙黄国	Sa Hoàng Quốc	Địa danh/Thế lực	Bổ sung ch.1704-1728, quốc gia liên quan Trúc Sinh chân nhân
赵国	Đại Triệu Quốc	Địa danh/Thế lực	Bổ sung ch.1704-1728, quốc gia của Vệ Huyền Nhân
沧州	Thương Châu	Địa danh/Thế lực	Bổ sung ch.1704-1728, vùng đất Khảm Thủy tràn lan, liên quan Cơ An
观化天楼道	Quán Hóa Thiên Lâu Đạo	Địa danh/Thế lực	Bổ sung ch.1704-1728, đạo thống xuất thân của Vệ Huyền Nhân
兜玄	Đâu Huyền	Địa danh/Thế lực	Bổ sung ch.1704-1728, đạo thống của Nghiệp Cối
慈悲道	Từ Bi Đạo	Địa danh/Thế lực	Bổ sung ch.1704-1728, đạo thống Phật môn phương Bắc (释修/Thích tu)
空无道	Không Vô Đạo	Địa danh/Thế lực	Bổ sung ch.1704-1728, đạo thống liên quan Hư Vọng
太逡灵鉴	Thái Thuân Linh Giám	Pháp bảo	Bổ sung ch.1704-1728, gương giam giữ Nguyên Thương chân nhân
玄儋太阴白月桂枝	Huyền Đam Thái Âm Bạch Nguyệt Quế Chi	Pháp bảo	Bổ sung ch.1723, còn gọi 月桂金枝 Nguyệt Quế Kim Chi, trọng bảo Thuần Nhất Đảo
大昇	Đại Thăng	Pháp bảo	Bổ sung ch.1704-1728, cổ pháp khí/trường kích của Lý Chu Vi
虺水悬道散	Hủy Thủy Huyền Đạo Tán	Công pháp	Bổ sung ch.1704-1728, đan phương cấp Tử Phủ của Định Dương Tử
明彰日月	Minh Chương Nhật Nguyệt	Thần thông	Bổ sung ch.1704-1728, mệnh thần thông mới của Lý Chu Vi (dạng 箓/lục)
祸阳	Họa Dương	Nhân vật	Bổ sung ch.1729-1738, chim trĩ tu Ly hỏa, chủ Chu La Quốc
复勋	Phục Huân	Nhân vật	Bổ sung ch.1729-1738, Đại Sa Bà Vương, nhân vật chính ch.924-926
刘长迭	Lưu Trường Điệp	Nhân vật	Bổ sung ch.1729-1738, có quan hệ cũ với Lý Hi Minh qua con gái
林琊	Lâm Nha	Nhân vật	Bổ sung ch.1729-1738
程稿	Trình Cảo	Nhân vật	Bổ sung ch.1729-1738
顾庞	Cố Bàng	Nhân vật	Bổ sung ch.1729-1738
天霍	Thiên Hoắc	Nhân vật	Bổ sung ch.1729-1738
苏晏	Tô Yến	Nhân vật	Bổ sung ch.1729-1738
陈涛平	Trần Đào Bình	Nhân vật	Bổ sung ch.1729-1738
青衍	Thanh Diễn	Nhân vật	Bổ sung ch.1729-1738
明煌	Minh Hoàng	Nhân vật	Bổ sung ch.1729-1738, đạo hiệu của Lý Chu Vi, song song với Chiêu Cảnh của Lý Hi Minh
殊袖	Thù Tụ	Nhân vật	Bổ sung ch.1729-1738, biệt danh cũ của Đinh Lan do Cao Phục gọi
紫霈真人	Tử Phái chân nhân	Nhân vật	Bổ sung ch.1729-1738, sư phụ cũ của Đinh Lan
赵昭武皇帝	Triệu Chiêu Vũ hoàng đế	Nhân vật	Bổ sung ch.1729-1738
赵朔	Triệu Sóc	Nhân vật	Bổ sung ch.1729-1738
徐国公	Từ Quốc Công	Nhân vật	Bổ sung ch.1729-1738
称昀	Xưng Vân	Nhân vật/Tiên môn	Bổ sung ch.1729-1738
常昀真人	Thường Vân chân nhân	Nhân vật	Bổ sung ch.1729-1738
庚金	Canh Kim	Nhân vật	Bổ sung ch.1729-1738
素免真人	Tố Miễn chân nhân	Nhân vật	Bổ sung ch.1729-1738
齐秋心	Tề Thu Tâm	Nhân vật	Bổ sung ch.1729-1738
是楼威	Thị Lâu Uy	Nhân vật	Bổ sung ch.1729-1738, người Cao gia
是楼营阁	Thị Lâu Doanh Các	Nhân vật	Bổ sung ch.1729-1738, người Cao gia
衡星	Hành Tinh	Nhân vật	Bổ sung ch.1729-1738, đan sư Giang Nam
朱渌	Chu Lục	Nhân vật	Bổ sung ch.1729-1738
月湘	Nguyệt Tương	Nhân vật	Bổ sung ch.1729-1738, em gái đã mất của Lý Hi Minh
曦峸	Hi Nhai	Nhân vật	Bổ sung ch.1729-1738, tên hiếm gặp lần đầu, cách đọc chưa chắc chắn, cần xác minh nếu xuất hiện lại
衍确	Diễn Xác	Nhân vật	Bổ sung ch.1729-1738, đan sư quá cố được nhắc tới
朱罗国	Chu La Quốc	Thế lực	Bổ sung ch.1729-1738
婆罗埵	Bà La Đóa	Địa danh	Bổ sung ch.1729-1738, vùng địa lý lớn, tên khác của Tây Bà quốc
虎夷山	Hổ Di Sơn	Địa danh	Bổ sung ch.1729-1738
胜白道	Thắng Bạch Đạo	Địa danh/Tiên môn	Bổ sung ch.1729-1738
大康昭寺	Đại Khang Chiêu Tự	Địa danh	Bổ sung ch.1729-1738
逻挲	La Ta	Địa danh	Bổ sung ch.1729-1738
象雄国	Tượng Hùng Quốc	Thế lực	Bổ sung ch.1729-1738
金羽宗	Kim Vũ Tông	Tiên môn	Bổ sung ch.1729-1738
拜阳山	Bái Dương Sơn	Địa danh	Bổ sung ch.1729-1738
分蒯	Phân Khoái	Địa danh	Bổ sung ch.1729-1738
淮江道	Hoài Giang Đạo	Địa danh	Bổ sung ch.1729-1738
治玄榭	Trị Huyền Tạ	Tiên môn	Bổ sung ch.1729-1738
通玄道统	Thông Huyền đạo thống	Thế lực	Bổ sung ch.1729-1738
朱宫	Chu Cung	Địa danh	Bổ sung ch.1729-1738
骠人国	Phiêu Nhân Quốc	Thế lực	Bổ sung ch.1729-1738
大西塬	Đại Tây Nguyên	Địa danh	Bổ sung ch.1729-1738
西婆国	Tây Bà Quốc	Thế lực	Bổ sung ch.1729-1738, tên khác Bà La Đóa
百驾国	Bách Giá Quốc	Thế lực	Bổ sung ch.1729-1738
胜白殿	Thắng Bạch Điện	Địa danh	Bổ sung ch.1729-1738
隔湖峰	Cách Hồ Phong	Địa danh	Bổ sung ch.1729-1738
离眠殿	Ly Miên Điện	Địa danh	Bổ sung ch.1729-1738
愧渡殿	Quý Độ Điện	Địa danh	Bổ sung ch.1729-1738
大宁宫	Đại Ninh Cung	Địa danh	Bổ sung ch.1729-1738
魏国	Ngụy Quốc	Thế lực	Bổ sung ch.1729-1738
红雉冲离焰	Hồng Trĩ Xung Ly Diễm	Pháp bảo	Bổ sung ch.1729-1738, linh hỏa cấp Tử Phủ
折焚离火	Triết Phần Ly Hỏa	Công pháp	Bổ sung ch.1729-1738
天杏离雨	Thiên Hạnh Ly Vũ	Công pháp	Bổ sung ch.1729-1738
伤闰离焰	Thương Nhuận Ly Diễm	Công pháp	Bổ sung ch.1729-1738
宣勐业火	Tuyên Mãnh Nghiệp Hỏa	Công pháp	Bổ sung ch.1729-1738
长行元火	Trường Hành Nguyên Hỏa	Công pháp	Bổ sung ch.1729-1738
大离白熙光	Đại Ly Bạch Hi Quang	Công pháp	Bổ sung ch.1729-1738, còn viết tắt Đại Ly Hi Quang
大离赤熙光	Đại Ly Xích Hi Quang	Công pháp	Bổ sung ch.1729-1738
大离金熙光	Đại Ly Kim Hi Quang	Công pháp	Bổ sung ch.1729-1738
上曜伏光	Thượng Diệu Phục Quang	Công pháp	Bổ sung ch.1729-1738
齐库抱锁	Tề Kho Bão Tỏa	Công pháp	Bổ sung ch.1729-1738, nguyên văn có 2 cách viết ở 2 chương (齐库抱锁/齐库抱合), đã dịch riêng theo ngữ cảnh
道玄存续神卷	Đạo Huyền Tồn Tục Thần Quyển	Công pháp	Bổ sung ch.1729-1738
玄锁道金气	Huyền Tỏa Đạo Kim Khí	Công pháp	Bổ sung ch.1729-1738
玄道库金	Huyền Đạo Kho Kim	Vật phẩm	Bổ sung ch.1729-1738
六辛齐金	Lục Tân Tề Kim	Vật phẩm	Bổ sung ch.1729-1738
帑梁银	Thảng Lương Ngân	Vật phẩm	Bổ sung ch.1729-1738
鸺玄渡景炉	Hưu Huyền Độ Cảnh Lô	Pháp bảo	Bổ sung ch.1729-1738
昭澈元气	Chiêu Triệt Nguyên Khí	Công pháp	Bổ sung ch.1729-1738
渡迁令	Độ Thiên Lệnh	Vật phẩm	Bổ sung ch.1729-1738
麟光照一丹	Lân Quang Chiếu Nhất Đan	Vật phẩm	Bổ sung ch.1729-1738
光照麒麟炼法	Quang Chiếu Kỳ Lân Luyện Pháp	Công pháp	Bổ sung ch.1729-1738
麟光晖阳丹卷	Lân Quang Huy Dương Đan Quyển	Vật phẩm	Bổ sung ch.1729-1738
沧州虺鳞	Thương Châu Hủy Lân	Vật phẩm	Bổ sung ch.1729-1738
洞鹭元水	Động Lộ Nguyên Thủy	Vật phẩm	Bổ sung ch.1729-1738
朱鸟	Chu Điểu	Thuật ngữ	Bổ sung ch.1729-1738
望晋玄衍丹	Vọng Tấn Huyền Diễn Đan	Vật phẩm	Bổ sung ch.1729-1738
玄匮金翅蝠	Huyền Quỹ Kim Sí Bức	Sinh vật	Bổ sung ch.1729-1738
不堕金云	Bất Đọa Kim Vân	Thần thông	Bổ sung ch.1729-1738
冲离午平火阳鸾	Xung Ly Ngọ Bình Hỏa Dương Loan	Sinh vật	Bổ sung ch.1729-1738, gọi tắt Ngọ Phiên
听魂桑木	Thính Hồn Tang Mộc	Vật phẩm	Bổ sung ch.1729-1738
白悉业火	Bạch Tất Nghiệp Hỏa	Công pháp	Bổ sung ch.1729-1738
上诀宫相火	Thượng Quyết Cung Tướng Hỏa	Công pháp	Bổ sung ch.1729-1738
青宣	Thanh Tuyên	Thuật ngữ	Bổ sung ch.1729-1738
三巫二祝	Tam Vu Nhị Chúc	Thuật ngữ	Bổ sung ch.1729-1738
瑞炁	Thụy Khí	Thuật ngữ	Bổ sung ch.1729-1738
伏元太秘	Phục Nguyên Thái Bí	Công pháp	Bổ sung ch.1729-1738
五水御乾大阵	Ngũ Thủy Ngự Càn Đại Trận	Trận pháp	Bổ sung ch.1729-1738
赤鹱连心花	Xích Hộ Liên Tâm Hoa	Vật phẩm	Bổ sung ch.1729-1738
解羽地	Giải Vũ Địa	Địa danh	Bổ sung ch.1729-1738
同心樆	Đồng Tâm Ly	Vật phẩm	Bổ sung ch.1729-1738
天雉玄附阵	Thiên Trĩ Huyền Phụ Trận	Trận pháp	Bổ sung ch.1729-1738
好功箓	Hảo Công Lục	Thần thông	Bổ sung ch.1729-1738, mệnh thần thông của Phục Huân
抱羽合心丹	Bão Vũ Hợp Tâm Đan	Vật phẩm	Bổ sung ch.1729-1738
隋观	Tùy Quán	Nhân vật	Đại chân nhân đỉnh phong Tử Phủ, thần thông viên mãn, xuất hiện tại Lục Quỳ Trì (Thanh Trì Tông) ch.1739-1740, quan hệ mật thiết với Lục Thủy chân quân
宁婉	Ninh Uyển	Nhân vật	Chân nhân đương nhiệm của Thanh Trì Tông (Thu Hồ chân nhân), truyền nhân của Nguyên Tố chân nhân
林乌宁	Lâm Ô Ninh	Nhân vật	Tân tông chủ Thanh Trì Tông, thuộc hạ của Ninh Uyển
李渊钦	Lý Uyên Khâm	Nhân vật	Thuộc hạ tâm phúc của Ninh Uyển, thủ đoạn trinh sát giỏi
绿葵池	Lục Quỳ Trì	Địa danh	Thánh địa/trì nước tại Thanh Trì Tông, nơi chủ vị các đời chân nhân ngồi
绿语天	Lục Ngữ Thiên	Địa danh	Bổ sung ch.1739, nơi Tử Phủ Thanh Trì phải diện kiến khi thành đạo, có treo Lục Đài Tỉnh Tâm Kiếm
李周洛	Lý Chu Lạc	Nhân vật	Trúc Cơ tu sĩ họ Lý, tứ thúc của Lý Giáng Tông
李周昉	Lý Chu Phưởng	Nhân vật	Nhân vật họ Lý, có xích mích trước đó với Lý Chu Lạc
黎客楼	Lê Khách Lâu	Địa danh	Tửu lâu tại Lê Kính Phủ, nơi diễn vở kịch Hận Thệ Thủy
恨逝水	Hận Thệ Thủy	Vật phẩm	Tên vở kịch được diễn tại Lê Khách Lâu, ẩn dụ chính trị Nam-Bắc
东方合云	Đông Phương Hợp Vân	Nhân vật	Bổ sung ch.1747, có liên quan đến cái chết của Thác Bạt Trọng Nguyên
拓跋重原	Thác Bạt Trọng Nguyên	Nhân vật	Nhị công tử nhà Thác Bạt, đột tử ở phương Nam, nghi có Toại Khí thuật pháp lưu truyền
丁威锃	Đinh Uy Tranh	Nhân vật	Bổ sung ch.1747, có thần thông Điện Dương Hổ (nhánh Hành Chúc)
上相壶	Thượng Tướng Hồ	Vật phẩm	Pháp bảo chứa Vô Trượng Thủy Hỏa, chế tác/tiền chủ là Tử Mộc
慕容颜	Mộ Dung Nhan	Nhân vật	Ma tu Tử Phủ nước Yên (Mộ Dung gia), tu Tẫn Thủy, đấu với Lý Chu Vi tại bờ sông ch.1746-1747
侍娄婴阁	Thị Lâu Doanh Các	Nhân vật	Tử Phủ nước Yên (Cao gia), đồng hành cùng Mộ Dung Nhan tại chiến tuyến Giang Bắc
赫连无疆	Hách Liên Vô Cương	Nhân vật	Chân nhân Tử Phủ trung kỳ nước Thiết Phất, thúc phụ Hách Liên Ngột Mãnh, đạo hạnh thâm sâu
赫连兀猛	Hách Liên Ngột Mãnh	Nhân vật	Thiên tài Tử Phủ nước Thiết Phất, tu Thiên Thai Ma Đạo, đối đầu Đinh Lan tại Sơn Kê Quận
善柏	Thiện Bách chân nhân	Nhân vật	Tán tu ven biển, quan hệ tốt với Tử Yên Môn/Hưu Quỳ, hải vực gần Tu Việt
持广	Trì Quảng chân nhân	Nhân vật	Nhắc tới ch.1748, bạn tốt của "Đại Vương" nhà Thác Bạt
萧初庭	Tiêu Sơ Đình	Nhân vật	Chân nhân đứng đầu Tiêu gia (Giang Nam), vừa dời sơn môn Hàm Ưu Sơn sang Thương Châu Bắc Hải (Bái Nhi Sơn)
萧雍灵	Tiêu Ung Linh	Nhân vật	Vãn bối Tiêu gia, tu Đông Vũ Sơn (một nhánh Đô Vệ), vừa xung kích Tử Phủ dùng thuật phi thăng núi
萧从与	Tiêu Tùng Dữ	Nhân vật	Đích hệ Tiêu gia, đến báo tin sơn môn dời đi ch.1745
函忧峰	Hàm Ưu Phong/Sơn	Địa danh	Sơn môn cũ của Tiêu gia tại Giang Nam, vừa phi thăng dời sang Bắc Hải
拜儿山	Bái Nhi Sơn	Địa danh	Núi nhỏ ở Khảm Bắc quận, Thương Châu Bắc Hải, nơi Tiêu gia dời tới trước khi có Hàm Ưu Sơn
识览郾	Thích Lãm Yển	Nhân vật	Chân nhân trẻ phái Quán Tạ (Thích môn phương Bắc), đến Giang Bắc gặp Ma Ha Pháp Thường ch.1745
摩诃法常	Ma Ha Pháp Thường	Nhân vật	Cao tăng Đại Mộ Pháp Giới, trấn thủ Giang Bắc
牝相	Tẫn Tướng	Thuật ngữ	Chân diện/chân tướng ẩn giấu của Mộ Dung Nhan khi lộ ra Tẫn Thủy chi thuật
往生泉	Vãng Sinh Tuyền	Thần thông	Thần thông đang luyện của Mộ Dung Nhan, sắp thành
朱宫	Chu Cung	Nhân vật/Địa danh	Vốn là địa danh/thế lực; cũng là biệt danh một nữ ma tu Đông Hải, thân thiết với Đinh Lan, bị thương do Quyết Âm
李周暝	Lý Chu Minh	Nhân vật	Ngũ công tử, con Lý Huyền Tuyên, vừa đột phá Tiên Cơ ch.1750-1751
夏绶鱼	Hạ Thụ Ngư	Nhân vật	Phu nhân của Lý Chu Minh
李周达	Lý Chu Đạt	Nhân vật	Đích hệ họ Lý, thừa kế y bát Lý Thừa Trất, tu vi Trúc Cơ, tính nóng nảy dũng cảm
李周逊	Lý Chu Tốn	Nhân vật	Đích hệ họ Lý, năm xưa chủ động từ bỏ quyền kế thừa Lý Thừa Trất
李绛梁	Lý Giáng Lương	Nhân vật	Con Lý Chu Vi
李绛淳	Lý Giáng Thuần	Nhân vật	Con Lý Chu Vi
李绛年	Lý Giáng Niên	Nhân vật	Con Lý Chu Vi, tư chất kém hơn các anh em
杨阗幽	Dương Điền U	Nhân vật	Nữ Trúc Cơ nhà họ Dương (Đế Duệ), có quan hệ tình cảm với Lý Giáng Lương
孔孤皙	Khổng Cô Tích	Nhân vật	Nhà họ Khổng
孔夏祥	Khổng Hạ Tường	Nhân vật	Con Khổng Cô Tích
沐券门	Mộc Khoán Môn	Địa danh	Sơn môn gần Sơn Kê Quận
烛魁	Chúc Khôi	Nhân vật	Ma tu phương Bắc, kẻ hại Chu Cung trúng độc Quyết Âm
崔颚	Thôi Ngạc	Nhân vật	Đan sư quá cố, tác giả gốc của Lân Quang Huy Dương Đan Quyển
密泛	Mật Phiếm	Đạo thống	Chính thức hóa cách dịch đã dùng nhất quán từ ch.1748 (tên khác/biến thể: 密樊)
公孙柏范	Công Tôn Bách Phạm	Nhân vật	Bổ sung ch.1698-1701
宋云白	Tống Vân Bạch	Nhân vật	Bổ sung ch.1698-1701
苏燕	Tô Yến	Nhân vật	Bổ sung ch.1698-1701
王萧萧	Vương Tiêu Tiêu	Nhân vật	Bổ sung ch.1698-1701
丁威铮	Đinh Uy Tranh	Nhân vật	Bổ sung ch.1698-1701
费清菲	Phí Thanh Phỉ	Nhân vật	Bổ sung ch.1698-1701
管弓霄	Quản Cung Tiêu	Nhân vật	Bổ sung ch.1698-1701
华空	Hoa Không	Nhân vật	Bổ sung ch.1698-1701
大原光隐寺	Đại Nguyên Quang Ẩn Tự	Địa danh	Bổ sung ch.1698-1701
郗	Hi (họ)	Nhân vật	Bổ sung ch.1723, xác nhận chuẩn hóa — chương 1723 từng dịch 2 kiểu khác nhau trong cùng chương ("Hi" và nhầm thành "Quách"), đã sửa thống nhất về "Hi". 郗常 (bạn cũ của Xuyết Hồng) = Hi Thường; lão nhân họ 郗 đi cùng Trì Bộ Tử = họ Hi
